,colorness,sharpness,entro,colorrich,noise,bestK,colorness1,sharpness1,entro1,colorrich1,noise1
0,107.21667859038352,17.580913357620393,7.129639881081769,145.13656666666665,16.166692501984524,1.6,104.62609607659084,14.057377406213474,6.766313374163328,144.52625555555557,16.791821018872756
1,93.2376896163467,4.362935553127164,6.926691626316521,159.40673333333334,15.082781213561244,1.7000000000000002,92.66644121657373,3.9675390990496293,6.49301282529029,158.6463,15.540324004298336
2,160.1889366701767,8.437084597647996,6.670626415170046,193.56803333333335,15.585106774320888,1.6,156.99009353155964,7.2662828880004104,6.081264180795101,193.08742222222222,14.748410444481657
3,35.04150729221396,7.7853008419950855,7.2015544990854385,97.34037777777777,17.593820178132024,1.7000000000000002,42.46985633932103,7.898879376034504,6.928526181582894,96.59777777777778,20.216844762318736
4,83.48682766187329,7.187373870389738,7.444068361166835,153.8519777777778,31.20529009866022,1.6,81.05819942799957,7.1130054715746445,7.070584382891687,152.58854444444444,24.317319200313683
5,110.6536969367078,17.464023955709198,7.534621760706725,170.58595555555556,23.667252062189096,1.6,109.01383518877881,14.074262832359532,7.068280727947259,169.9439888888889,22.700641775170894
6,84.29792439313144,3.786229667976156,7.510793050957726,139.76026666666667,20.058386144030035,1.6,84.5381238242356,3.166923949541623,7.150945112039331,138.87227777777778,21.345684158677805
7,127.96114875508582,22.68201478577886,6.9879806651187835,187.51945555555557,15.92239992920993,1.6,124.90392085146176,19.01648990078519,6.666852996421403,186.88764444444445,15.50733140675008
8,148.85808850498933,18.00276522259717,6.5780149575154825,192.1492888888889,12.610352280525326,1.6,151.2556722534145,14.531477919414376,6.045598255827292,191.6895888888889,12.2845144398207
9,58.3934211797304,11.801430868572405,6.950088403989136,142.25054444444444,12.668551737287787,1.9000000000000004,60.67153888832472,10.85072304221053,6.597120285790334,141.0148888888889,13.929835449342225
10,119.14806226841438,4.840741085136964,7.1813650281237855,178.0585888888889,13.69981106481161,1.7000000000000002,115.84283565893482,4.072556674734883,6.939656286786843,177.20787777777778,14.400674465913436
11,153.16008869259693,13.1274176851814,6.760254708399179,194.2450888888889,13.715102331162194,1.7000000000000002,151.74929602877253,10.56428567318941,6.337182472492338,193.80843333333334,13.685413378377696
12,74.90583159749596,7.2077278247824195,7.032630170251423,124.76255555555555,18.706124272149875,1.8000000000000003,77.74116353738793,6.555628748379816,6.628324293142807,124.18506666666667,20.29153101868507
13,105.82740075183047,9.802959489093155,6.997098552174954,174.47842222222224,15.87481931081389,1.6,99.43613983564241,9.839111013045455,6.574675564383639,173.25816666666665,15.338475835704262
14,127.70899245011682,6.48144954201454,6.771856140172725,175.36535555555557,19.76917903509549,1.6,127.92630123268063,6.643224852644531,6.352197717204781,174.98516666666666,19.13513220132756
15,36.578335048393626,4.384755749005919,7.256143174930298,119.49743333333333,22.54300866692909,1.6,48.304707513683354,4.627316235707258,6.952917634424431,118.02061111111111,23.555042312186394
16,131.56657606488804,8.791063671253355,6.918190192222367,165.1452888888889,17.364978957606844,1.6,131.15305554783438,6.711097644015949,6.305797278792271,164.66654444444444,17.156511931830206
17,99.85658934781661,16.521372574501985,7.438481810461115,188.61922222222222,30.7393915548286,1.6,89.99883797390979,13.134764658649244,6.9858447819744125,186.84122222222223,23.097756302880338
18,63.66723525804103,9.048775319977441,7.410005616327493,145.2249,17.45462693843002,1.7000000000000002,68.02113103840612,8.48392549501489,7.107292373031049,144.34014444444443,18.333366077178777
19,215.9984620932148,7.585923531964201,6.296817946356942,223.67054444444443,14.205119788464664,1.6,210.30258469660464,4.777030527661494,5.6561389346962105,223.25611111111112,13.951986180210664
20,68.06189342556073,12.04537876657239,7.482658687527941,105.00003333333333,24.90018624794635,1.7000000000000002,66.61241889292869,10.459189267316738,7.229562260520575,103.89344444444444,27.58062349397011
21,121.27994580351067,7.672778632467138,7.200944819077609,173.29736666666668,16.70150452478374,1.7000000000000002,115.04254751902133,7.690720383124669,6.873914064138477,172.42822222222222,16.51032117574367
22,108.53286961383148,6.046322673475687,6.987075309631255,154.42396666666667,14.753689358941964,2.0000000000000004,108.61865601931042,5.536953534421618,6.598035094470399,153.92645555555555,14.771177015675022
23,97.37761964601226,4.693107910130702,6.685776227210361,136.89423333333335,46.72130264104148,1.6,104.58550956479705,5.441521709527032,5.969833059301463,135.88184444444445,16.76552553338414
24,50.84444611129329,10.540825809412253,6.896391878617631,78.24884444444444,22.506051089981185,1.6,62.48340153123736,8.36481308181836,6.190172551253728,77.42702222222222,18.09377421719492
25,105.11494303500568,15.01385560229473,7.126170541923337,138.15382222222223,14.22255960657597,1.6,106.28398000074013,13.012136419093636,6.660423680556413,137.75304444444444,14.370053809758955
26,117.15452475545777,9.344341224702173,7.536423868753596,144.98612222222224,28.805319464984226,1.6,114.68776831843316,7.013316816559203,7.016876533598561,144.33983333333333,23.156186004310708
27,124.75171426839869,21.54801100762045,6.994919746887389,164.90915555555554,14.030425675937376,1.6,124.10108840318685,13.645032461839941,6.477261108276847,164.3555,14.20420527729843
28,20.42332565540793,8.615634972161656,6.494805269365078,56.04346666666667,22.153579491224782,1.6,21.373898631941753,12.04462199677313,6.154505968348975,55.88825555555555,17.274087331643205
29,92.69590807370106,8.615225055187054,7.375299522459273,191.51083333333332,21.33918977906192,1.7000000000000002,96.66434619157528,9.054403795359462,7.112714501431368,190.04625555555555,20.390214719596045
30,84.52534616490229,9.17923928016292,7.4231589761716625,152.38177777777778,18.65763483217329,1.6,84.82715261402193,8.335440953984458,7.0997317645611515,151.90914444444445,19.265835714911052
31,87.41170233116247,4.0704440257119385,6.959072233058658,131.9424,22.80647819580514,1.6,80.71283311521665,3.941808925874681,6.681937397861976,127.04544444444444,19.108093805769013
32,53.69160711640766,9.842406114879747,4.740120544487853,193.41144444444444,13.315371438737952,2.0000000000000004,62.24023609462713,6.381461332286889,4.229371971361646,191.51172222222223,16.571907928021638
33,88.82771599030505,8.801642682405554,7.452034897334023,160.81526666666667,22.909129593587206,1.7000000000000002,89.4994130082026,8.184985658268442,7.195129915528117,160.2368888888889,23.913461956476958
34,140.40089030567967,12.58257496178687,6.667523633318278,168.73693333333333,17.203390855421475,1.6,140.17629115421516,8.7984106447212,5.870786314671582,168.28277777777777,16.602386606901884
35,125.65835477257387,5.350378246828272,7.070692199787321,168.3592111111111,19.475640363013103,1.6,125.5849559922855,4.066439452190838,6.514751057245262,167.90684444444443,19.841829918095453
36,35.694975051461945,3.739231110234414,6.81327738629869,120.86646666666667,20.116547473690108,1.6,41.475158329858715,3.5649060337666416,6.494796137837838,119.54797777777777,20.400018987296612
37,40.858498628172484,13.214304317759304,7.132267208506537,139.0561111111111,24.060415422353962,1.6,43.59815247431028,9.06071021035332,6.52974259964811,132.99294444444445,19.16984041440469
38,144.79904745402047,10.024330421415124,7.159589456436146,184.276,14.477493923838132,1.6,138.82358507453108,7.884232727211261,6.687907483939865,183.3864111111111,14.384662250546219
39,105.2234839578985,20.182325308625106,6.667419898867065,180.48366666666666,15.171270429439971,1.6,103.43487044254663,17.753267679402587,6.436514063017783,179.65917777777778,15.439002273747416
40,79.58249345859956,11.774423646361198,7.22265845902778,148.2062222222222,15.616650318121035,1.6,80.15068370914662,10.263548508169716,7.092151434495712,147.5830222222222,16.432099899984138
41,66.45699992601499,8.49429954767979,7.164173849903097,94.91128888888889,16.507100783943685,2.2000000000000006,67.18055172478637,7.670555621181803,6.804347137813409,94.21726666666666,17.52219730460121
42,70.84745479258561,24.901399882493028,7.234980314810747,116.8449,11.625475279773871,1.6,71.28505430865886,22.043190712938337,6.906600915164503,116.2175,11.88719327808376
43,139.39460466810283,8.358049451737447,6.51981824838663,198.60521111111112,14.710482658985915,1.6,133.44825583603267,7.207664760632482,6.0448689392986505,197.30826666666667,13.674001433992105
44,43.13100988748971,8.808122523811747,7.133158469475852,160.28225555555557,19.217531552533053,1.6,48.04161877097684,8.411180998060717,6.719734652370991,159.07354444444445,23.501898318302942
45,68.45539101967893,10.335662363624504,7.383685911622438,117.29588888888888,19.729205617019833,1.6,68.4571528822527,9.20962043439584,7.032584910193227,116.82513333333333,20.748560236573482
46,124.78511271438161,5.626457329221975,6.967695028074586,192.8505888888889,17.411462304468635,1.6,125.42443662976306,5.782667228619887,6.43130204170993,192.3155888888889,17.344606411076096
47,60.406507726104934,11.791151412132413,7.551900938393695,125.5123,28.6627302498584,1.7000000000000002,60.98236761427453,11.317854966843223,7.286009438877591,123.61305555555556,25.03810283552604
48,46.26583372239187,13.080308765177264,6.277017317503313,109.93441111111112,17.852240200335103,1.6,49.77108258854905,15.193210044720107,5.774228827831747,109.26597777777778,18.402882621243076
49,75.38565786454471,26.769218109336986,7.357438905395582,114.17395555555555,20.188674648515573,1.6,74.13466221708968,23.839446895639465,6.959841925069837,113.3434,20.834785707226168
50,87.14740352291332,22.094288440426084,7.445478756867347,141.15766666666667,23.40239844522018,1.6,91.00197971336203,18.239208486754467,6.929773557892087,140.63237777777778,22.29255605945063
51,114.14875389004258,31.59051967025538,7.041066901027,154.2991888888889,14.271438908661976,1.6,107.39767243038618,24.532017390265164,6.497978421192416,153.38637777777777,13.925725281352396
52,51.94586258470085,11.567226381737928,7.508011971478176,136.47832222222223,23.495309967499,1.6,54.730833425997815,9.265195716529231,7.156455991927855,134.68554444444445,27.373556359974987
53,77.9653362985106,17.81242185204499,7.450904480611844,143.8416,19.956598635364166,1.7000000000000002,76.14922174032938,17.7616709773819,7.128782460929698,141.97756666666666,19.918630669449655
54,25.04563888285344,4.797321417904238,5.61812031332146,52.198188888888886,23.088226225345462,1.6,35.85721058127645,7.8465203655479785,5.304034160462737,50.30051111111111,14.111461905296856
55,70.26339154059006,16.86803620671446,7.209004675667606,122.09643333333334,14.10436389416059,1.7000000000000002,69.48591137651005,14.993028666777505,6.85747593611161,121.36618888888889,14.753399297488707
56,63.21143777613002,7.585702807439415,6.569747155728734,153.99526666666668,26.338016747006208,1.6,61.823555313900414,4.302709289935801,5.9738842499788,152.89192222222223,18.12882933656797
57,68.29796644215888,4.540461135204321,7.494549280695647,149.7227,21.703208821737267,1.7000000000000002,69.6255109850348,4.519713029874523,7.242187620568485,148.91376666666667,21.795171788234565
58,157.16760379517936,15.11035951773827,6.373563653395582,186.0269888888889,12.589821412990638,1.7000000000000002,156.42081593394914,11.450557704351523,5.7735280201221135,185.64138888888888,12.570863334535812
59,57.58978111833471,11.16842446356371,6.844223499089132,150.63716666666667,11.944917050505097,1.7000000000000002,58.92814251490971,9.686763792831282,6.349976835021671,149.37746666666666,13.011837906087568
60,72.4361906703032,5.454922841388984,7.208730884228908,130.06565555555557,14.24816609658694,1.8000000000000003,73.63656486426555,4.795997070755527,6.8683955273410415,129.53886666666668,14.589725181463136
61,78.647250456145,8.06223129041296,6.737924611913174,110.36413333333333,21.673571228356927,1.6,81.51401878724103,8.09426787858177,6.033735714814439,109.73414444444444,17.72775029355681
62,25.418964000893464,4.916717619775492,4.9676072537344895,19.271344444444445,15.699711268100165,1.7000000000000002,37.87685668414911,2.057247167222026,4.424158849146771,19.25151111111111,14.346150838830297
63,125.86941266549901,16.022093699438088,6.91020417907071,156.78217777777778,13.955629081512475,1.6,123.75315682521847,12.77285526818911,6.370130963927332,156.16293333333334,14.053691994631476
64,114.42486844487036,31.343292436458583,7.094806618088667,157.59125555555556,18.40643662172184,1.6,110.66794844387213,22.647234907087725,6.619504231683388,156.73743333333334,18.064931957959622
65,40.9170304900117,6.9026549994544455,7.666119171923042,94.10827777777777,21.61738988156531,1.8000000000000003,41.761172593090215,6.5196821829148135,7.43086600470048,93.17234444444445,23.80663171231304
66,62.67926504973987,5.862380314142276,7.040136215084512,111.1644,18.322712043293244,1.6,62.84432197878826,5.844280903109898,6.670731553601916,110.35575555555556,18.868002918558037
67,116.52253568021901,25.74753158221922,5.343513172461229,155.8190111111111,20.750863800495246,2.1000000000000005,123.81311592690673,26.24947491761802,4.704675323104048,155.31797777777777,16.590829246567864
68,40.19892126754585,8.692273680374539,7.487755963166768,76.14023333333333,24.033064955259395,1.6,42.06297223620996,7.326241128554535,7.24171687704302,75.14732222222223,26.463090987641706
69,89.56566554188272,29.261119163973326,7.399948436891526,120.34395555555555,18.96178646289203,1.6,87.10671015861239,24.890032569466598,6.976249916659236,119.6562111111111,19.81866747534528
70,52.89390725234443,13.629029933793017,7.581551188897146,113.66355555555556,19.90712570858808,1.8000000000000003,53.31631308091836,13.067790531414452,7.316897860958649,112.93313333333333,20.405322084036357
71,107.3113908464246,17.31145601097024,7.324289834026954,149.31854444444446,17.256926989080807,1.6,106.59014220966378,13.341425877998036,6.816137058341351,148.61913333333334,17.47133699897031
72,41.8530325897861,3.497222434845038,6.707930238851082,71.39868888888888,23.56162946190675,1.6,51.2823425849923,4.841245598336472,6.181562736280276,70.61063333333334,18.527511665732444
73,48.320785523313795,11.543861114185681,7.274523902013308,79.41327777777778,18.470444506326192,1.7000000000000002,51.06912849475667,9.954329214983277,6.8304218933537495,78.79937777777778,20.1496512025663
74,69.00072398117574,17.930525238842502,7.530047779416914,133.25457777777777,20.742087204581384,1.8000000000000003,68.7402887750404,16.651710406387583,7.306154669521607,132.57538888888888,22.09603978384409
75,66.74682695575174,6.32894466142552,6.919603055373065,99.8244888888889,23.23521008753398,1.6,69.79138917037314,6.038628847183176,6.419538448781048,99.12538888888889,20.77804306763502
76,85.82488104905768,13.562134636745652,7.361888265076065,146.95677777777777,16.207842988584375,1.7000000000000002,85.57147743986602,13.096894636611115,7.002560101740098,146.26453333333333,16.487985426089054
77,42.38027125548214,8.018685494880357,6.759619046328599,91.84275555555556,24.208902564202784,1.6,50.672841837833076,8.914795533432887,6.278784504065433,88.49071111111111,16.66145022856313
78,74.0868057139536,18.568497945658862,7.149736074509997,147.66116666666667,18.675150194893114,1.7000000000000002,70.97264450825799,16.622968920053065,6.914018573862914,145.2848888888889,20.410486446811454
79,16.132326898038052,6.392986305688168,4.649067286742161,171.7132777777778,25.925384663905085,1.6,37.209752369901366,6.489663647544043,3.8228572043435527,159.12313333333333,14.494548440390375
80,80.89991443934694,11.36406522271073,7.527347459768527,139.1459,22.868736755538706,1.6,78.37707017193397,10.190804011215542,7.1555666637584014,137.86145555555555,21.385074681656768
81,72.43578465503651,40.15352760929328,7.393892333792254,130.87872222222222,14.457376145384519,1.6,72.62599162520472,33.95384868920439,7.041609697576089,130.1213888888889,15.064885200221944
82,97.29799609329784,6.067575292004995,7.383716493186204,173.11192222222223,17.194988191231218,1.6,96.0403695307013,5.592781073154764,7.079569806236777,172.27207777777778,18.20789020618851
83,41.9004203907303,9.1310898016848,7.376658914907546,134.82525555555554,22.162095647709954,1.6,48.76673960879867,8.210889257855724,7.010398286117911,133.91067777777778,21.003433508860017
84,121.63003895962221,9.476902067873109,7.175929677686527,183.0984,18.042339332242914,1.6,121.49181234576588,8.80572608611408,6.678573439151524,182.5197222222222,17.140918023378077
85,114.81245370102673,8.909230122200807,7.082757887263441,161.61172222222223,15.213859165695304,1.7000000000000002,113.15086809986455,7.866275210516246,6.738931050693608,160.9955111111111,15.84007766479762
86,36.679882989147664,6.951655843956736,7.29450325706258,98.2601,15.727444231505617,2.1000000000000005,39.48102559202595,6.443122304889356,6.988074719082033,96.94467777777778,17.544237623447774
87,104.56749456169858,19.95258261039879,7.295326026409957,184.7443,15.85689831927601,1.7000000000000002,103.07601603410639,19.62042373267219,7.0114921167199915,183.9720888888889,16.02762671554729
88,41.65135769904564,8.250793098729373,7.368398777471103,83.03086666666667,20.58067934597024,1.6,52.26325456732957,7.148069138940507,6.867177023681387,82.48376666666667,22.3207351993414
89,28.187084969365586,9.376598537395768,7.635250413357508,69.88383333333333,24.422893717080964,1.9000000000000004,28.13036593654076,9.346816492587264,7.398734382771146,69.15481111111112,24.512649264876618
90,135.8855326161937,11.230211564466053,6.789603971837976,170.13688888888888,21.96727958292387,1.6,134.34174032674943,11.48737140187818,6.189676234388174,169.59503333333333,19.433393893712015
91,51.0159954095181,24.64725135824047,7.575889121352174,116.34451111111112,17.938280435727663,1.7000000000000002,53.67396356517088,24.49570820593802,7.323785721725718,115.0466888888889,18.77500550748128
92,76.15235435749891,8.562251169238632,7.037444465719323,132.17926666666668,17.567869644525995,1.7000000000000002,74.71842954644121,7.958947978851018,6.715152073683431,130.98676666666665,19.552866692833415
93,173.45304160270757,12.971412744270792,5.741069871349679,223.3003111111111,16.986463548921794,1.6,172.14079081572766,16.12605495061187,4.961163645792358,222.32608888888888,14.112699065867133
94,40.23668390584146,4.924064593243338,7.474771270490532,99.70172222222222,21.541364221267905,1.6,45.724720813540294,4.665154725670417,7.15645026941765,98.4255111111111,20.7804520927247
95,50.64852119872895,38.87452358438853,7.521167077802655,94.94443333333334,20.55089303142884,1.6,56.320687085665256,31.7402497282471,6.999844304111313,94.511,22.146638795026064
96,65.61068209139422,17.02687903437231,7.0833114640805235,102.15468888888888,16.560852598256712,1.7000000000000002,65.5282781667417,16.370822682561055,6.755936247513956,101.58393333333333,16.62707575684763
97,67.98411736374128,19.973015394978894,6.956011970563498,147.4243888888889,17.810074475671048,1.6,67.00859508118933,17.21736429926185,6.6380986700020275,145.83324444444443,18.341837953786616
98,81.6136732106494,8.864864492719002,7.225634644129479,122.6522,21.122079604174285,1.6,80.62935469271729,8.97372898155051,6.8405866659751595,122.13272222222223,20.136003719117607
99,57.549980807844165,35.949797502686096,7.351677540257935,119.95935555555556,17.740747807711625,1.7000000000000002,58.71737940953234,33.83547727976965,7.092129615234134,119.35688888888889,18.598202563632036
100,62.84163945151534,9.421831298939228,6.216821758586942,80.85436666666666,24.798947196404157,1.6,67.88389359047815,9.003227237684287,5.3830319800126745,80.3165,16.48888573148369
101,58.97262982665899,19.440265222335093,7.54937345435043,133.56272222222222,26.42843327925295,1.6,58.702721337849745,15.60962262676468,7.133567985555564,132.1115888888889,24.207106420633284
102,82.57193222121737,11.339249479709894,7.32185641592293,114.47616666666667,18.27296004566494,1.6,84.19224401460698,10.097500601381382,6.8309301795497515,114.06967777777778,18.528578545230886
103,113.93956830904504,12.509262887483246,6.417777253516419,161.43594444444443,17.273567759805168,1.6,112.86983879301702,11.838812143448507,6.050874792678256,160.85256666666666,17.594373884668872
104,66.32661282882505,10.380595570455757,7.5616556416482075,115.06096666666667,18.266927814268612,1.6,66.23911828240804,8.972120845727074,7.174798630310825,114.11027777777778,19.20619000235447
105,66.76994526866733,11.230589949365687,6.726552858701285,100.62402222222222,47.880902401651575,1.6,76.40091567040831,11.073780940543358,5.991519381959834,99.40686666666667,16.309302579927575
106,52.74751058162315,25.841024184503187,7.290827407068358,104.08542222222222,15.108769279773693,1.8000000000000003,52.73822989030721,24.901336818343093,7.077783067122358,103.28172222222223,15.148948519267302
107,140.7171308408581,5.688607048986465,6.594957348056707,176.7068,19.862412797846428,1.6,139.58555361145304,4.925026321529902,5.796818057460328,176.22163333333333,18.829500703282108
108,44.241145130349075,6.109670612089008,7.1920546622032875,133.43777777777777,21.43191772208684,1.6,50.779116438327506,6.106233615917356,6.7593515064829175,132.2454111111111,22.824539703116457
109,87.04439029323576,7.822004177259349,7.251984172255583,120.8835111111111,19.580272915125967,1.6,90.55860020555525,5.911255030344691,6.744921444503553,120.53362222222222,20.385173161414514
110,106.53823777138649,15.807864782096665,7.311013155164631,180.49217777777778,14.933325724462394,1.6,105.28606580873316,13.227327064721626,6.921134333106139,179.77164444444443,15.279551726717875
111,44.77077844903805,26.528234226384107,7.472299317690638,114.31055555555555,28.04809109562648,1.6,46.25286449855031,22.543273655913946,7.139029448306961,112.37224444444445,24.404609918311614
112,106.9331289362471,7.180484112008945,7.047653038413676,157.85384444444443,17.818284204604492,1.6,94.63495022018982,8.011575011974779,6.775389251191896,156.3846,17.066342937425468
113,38.661586703794015,10.962441183826758,7.41206368115914,73.07063333333333,22.327633584266124,1.6,41.92717018424432,9.69201388331367,7.13115106399085,71.84902222222222,24.740226462994723
114,139.31732828471422,7.697310586793254,4.957248930600984,206.7805888888889,19.416805138808776,1.6,138.34288065646598,4.644564280715465,4.319852284308332,206.28985555555556,14.812735968836726
115,91.31776198729085,11.571609340158663,7.240003537214777,167.1845888888889,20.364523750900364,1.7000000000000002,92.9882234376459,11.936041296616347,6.904562800644733,166.58043333333333,19.75836254308557
116,119.59105137276607,29.83462454351495,6.855788173478732,160.4457111111111,16.414708558957482,1.6,119.31435598350868,22.826967734412737,6.372735394948606,159.95595555555556,16.847579789405806
117,125.7717436598909,20.202836923392635,6.922609407607851,187.66104444444446,13.899906813627593,1.6,117.33133136648026,18.011152754539,6.526591424254584,186.4884888888889,13.950066297218688
118,51.5634936022575,9.533612504705397,7.107848888986185,73.71504444444444,18.86971363566671,1.6,52.98231399502676,8.414066182920408,6.56532549161164,72.33062222222222,18.13186883848164
119,48.843448289725906,13.924028261168305,7.496676737186362,137.69268888888888,24.343497897852156,1.6,55.39915118640242,11.994470231534455,7.06539416070993,136.16825555555556,21.325570933745976
120,125.22681719383232,14.813169711152621,7.419555729316995,191.4508111111111,21.406472092110207,1.7000000000000002,123.12572484134583,13.466072170351678,7.177090749562206,190.7104,21.89301282560054
121,35.81839798656146,7.465266047094176,7.26197835018084,74.17826666666667,19.21885334397427,1.7000000000000002,35.12053147467246,8.323900214545693,6.933227340043257,73.76054444444445,16.89101518426558
122,47.151091384655984,6.635704452764353,7.006518691879191,95.53947777777778,19.35904442412827,1.6,44.080839731461026,8.593972436657745,6.697865349065044,95.22934444444445,17.349772932654393
123,25.249685882071503,7.976022597446894,6.97383234564063,58.8435,19.993159607164152,1.6,21.20940475363352,5.189170513547725,6.369882418310199,51.64154444444444,18.954852339600727
124,77.36677863506218,23.588640771333655,7.406903678746708,173.2654,25.08590798513491,1.7000000000000002,79.26730259393004,23.237073901463447,7.155021143395464,172.42643333333334,24.566241850629332
125,170.25636527924632,7.527179276296396,6.465056367829484,200.60492222222223,11.764546139630152,1.6,166.2118951024095,6.622051064302647,5.817566963167215,199.94325555555557,11.44582024713487
126,156.8981829704856,11.367123833982754,6.816095966517258,185.05533333333332,15.744210534822283,1.6,156.98284031404333,9.782621300737954,6.045562373111003,184.64534444444445,15.612512604095595
127,62.726957264382385,8.189463212914085,7.251644368485605,134.89492222222222,20.506625660028575,1.8000000000000003,65.24263588404399,7.8365719958951665,6.864588503479177,134.10504444444445,21.276025193280734
128,92.73648052516545,14.903587936127085,7.497818243739916,131.35433333333333,25.88480920417469,1.6,88.2965625463038,12.592081882390113,7.085340221485834,130.45146666666668,23.03149282440577
129,111.76911851487893,31.488450343579753,7.083346574341212,163.58684444444444,14.104627985494034,1.7000000000000002,110.67366448351176,28.668458048887853,6.824834757971855,162.9284,14.364130054904965
130,24.505739116779623,12.15692348177629,7.4348833507091205,71.27571111111111,20.439661230479427,1.6,25.629213923946548,8.628484292711645,6.9898025602549545,67.53982222222223,21.020310768573268
131,88.50541989815457,9.056106527407806,7.386109691794648,131.63691111111112,21.504502277388234,1.6,88.97846425997865,7.482356431727536,6.952181701013595,131.04438888888888,20.71548231435283
132,61.729908990812625,19.40652590211794,7.519218117287465,90.05347777777777,25.06531977049212,1.6,61.730375404282555,16.52253926127585,7.173093087036101,89.49321111111111,24.112340672966486
133,50.14842441049593,7.803242592652616,7.220905216904994,134.57613333333333,15.2186961935855,1.6,53.7304926361476,6.662128331588626,6.916649245185828,133.4222,17.14979336476769
134,145.1719896952303,4.4691671136987345,5.693922545265905,174.96158888888888,15.794587649039045,1.6,143.29642765539992,9.199908555305296,4.832322442126472,174.2572,13.557424551831911
135,134.9200577335376,13.067837829526905,7.3042883743101115,173.08433333333332,21.904587538421637,1.6,133.22429933744792,10.113613491690694,6.736373445028483,172.4982222222222,22.185345677198008
136,102.75581825438546,10.284328145574486,6.2416370436749435,116.85566666666666,17.386359716094343,1.6,109.9536430409865,11.952784828425042,5.5118539067590895,116.47287777777778,16.609472133029413
137,93.59103228755426,3.5769828184798818,7.460466174296125,151.83416666666668,32.89374349185667,1.7000000000000002,93.90395488684825,3.494857529222341,7.19789310321817,151.09033333333332,30.285035863164733
138,127.97903178159407,15.446381074648611,7.086696470348771,158.0732,15.594576513712093,1.6,126.83512417512252,11.093567317586594,6.5048924602802405,157.53943333333333,15.646044644702888
139,74.39603943507448,17.09536670120563,6.792009454327966,77.54627777777777,14.74183340153937,1.7000000000000002,79.89527447774236,9.207003272173388,6.094474714969433,77.27395555555556,15.314551632240057
140,47.18852333969833,25.289480895177682,7.5174834768521155,108.84637777777778,27.104548466724715,1.7000000000000002,47.55297428264992,24.420709165623535,7.21434342441349,108.06826666666667,27.370887625537566
141,62.242360473124855,10.27426941365928,7.377284316063075,111.66807777777778,18.757022040599203,1.8000000000000003,63.11230943547872,9.610345809143187,7.055636713755711,111.23237777777777,19.14341799705022
142,111.44596078460302,5.7876808285400045,6.533347326460358,119.58217777777777,13.065134688299844,1.6,105.54513407365464,4.192189367168406,6.174132763646315,119.08344444444444,13.92276314039329
143,30.56541327165745,9.954912558370209,7.313755437084979,60.58621111111111,19.469345445257066,1.6,35.38957141208832,8.70037742364165,6.894259174946001,59.844322222222225,21.627128812405235
144,34.139508948158564,6.841530072126457,7.005906212682662,93.73585555555556,17.18187293861307,1.6,37.14835405964494,5.018156304951728,6.523148477342742,90.33645555555556,18.118427492344146
145,35.84149787706443,5.414924404290428,7.438426031275877,64.63991111111112,25.138154537055954,1.7000000000000002,35.963901966396115,5.203281117096488,7.151215662070166,63.061477777777775,25.227142285135443
146,48.47477439955418,12.296720936152681,7.274392456328553,83.23543333333333,21.800987112824146,1.6,49.59434481909582,11.184111670860938,6.820861585792276,81.28525555555555,20.17929465887454
147,56.42023761695611,16.329610260576185,7.337913636703099,91.64593333333333,18.950488837604045,1.6,56.11534700628218,13.272386399852756,7.0369750326540235,90.71714444444444,21.400513874180266
148,105.2835550509981,6.4420029162279455,6.882369367547376,154.71852222222222,18.425327219460527,1.6,106.74339714369775,6.229066813960262,6.380062095846182,153.9702888888889,18.642760832882725
149,106.88403920820062,10.120061801021917,7.1659133821810395,152.6803888888889,26.438294250598524,1.6,100.22255161462415,9.221050811572212,6.637869485029728,151.28768888888888,20.56284130947637
150,97.07709647181665,5.192938596506558,6.949509083869892,143.51305555555555,20.413208755211084,1.6,96.42630556344832,5.199449969987717,6.427052365081671,142.69734444444444,17.711618924074894
151,80.80512528523998,9.031448444781812,7.290145902086439,125.25531111111111,16.93541861468311,1.6,79.4004620133788,6.927518040567739,6.900290306559484,124.54428888888889,18.055651062570632
152,52.42372737551522,7.530616272468051,7.428749054802692,64.32998888888889,24.41771386652168,1.6,55.303882339548245,6.264666526600604,6.925578269393631,63.82216666666667,23.358408011444393
153,76.11037492993127,8.317294244839626,7.279233979185167,124.16626666666667,15.459239282468147,1.7000000000000002,76.04520051033614,7.63402571232987,6.920020588942501,123.51252222222222,15.614742088376534
154,97.26760172915438,15.161268052776204,7.321087885403642,155.16184444444445,20.722589478044572,1.6,97.32387321776278,15.612397449361978,6.976884570035906,154.74505555555555,19.96862535759654
155,64.02163932133188,12.585680871171345,7.415865383169119,135.95905555555555,18.217523364185944,1.8000000000000003,64.564700914818,13.032537671598774,7.062716874990444,135.12293333333332,17.52357693007072
156,41.15542648368025,20.576728502341112,7.446360352444289,118.91682222222222,20.693717743871446,1.6,43.472493270992565,15.48987957206876,7.000259485008087,115.94036666666666,22.177063571847544
157,35.99751138599824,24.769532744971414,7.584744256017765,92.75531111111111,23.839304893428903,1.6,38.06810023879241,21.6747068848471,7.209350901759963,91.72693333333333,23.37019488373912
158,62.39111454348645,15.645963343166798,7.302328483887237,176.99867777777777,18.061302245839965,1.6,69.03751223576324,11.665149240555094,6.887350748188414,174.58801111111111,21.44557695048842
159,134.7525259045954,8.258376562759489,6.859040551335914,178.5775,16.630633600250185,1.7000000000000002,130.21708800679372,6.266968368073362,6.476680768968301,177.96411111111112,17.525610781236225
160,43.91814825941049,6.9978503337867615,7.628586907698156,101.36733333333333,24.569484124478443,1.8000000000000003,43.73974280219147,6.618677132280931,7.366244301021929,100.48312222222222,26.117582759246734
161,77.29579692536468,9.25376533935286,7.5000906303283355,165.99256666666668,26.865124363510255,1.7000000000000002,78.63294422925632,10.601635415990549,7.196984789001968,164.7164,23.22957189977156
162,100.3266386128703,22.09264877252768,7.033028376067702,138.92021111111112,20.564007577443398,1.6,99.70823910626993,18.064836112174234,6.644837730432649,138.3077,22.083296142930244
163,113.16938601969449,8.584528580204442,7.3689459360973135,169.7180111111111,19.439683385823578,1.6,111.2597659433862,7.028168423869743,7.124167539059752,169.041,19.54521972632785
164,31.519916730323533,6.024833564384109,6.083147448767998,99.11696666666667,23.51112516368536,1.6,38.95881585893219,2.4865563679290412,5.3023695080717,96.29863333333333,15.677129427830893
165,85.3051032165591,16.2200047679829,7.26121481000212,151.4027,19.89884109213126,1.7000000000000002,83.46203026024727,14.839767016389224,6.960383433697514,149.86183333333332,21.250257027456144
166,54.11881517163826,13.3900483376007,7.384100765866483,97.06173333333334,18.99995713074078,1.7000000000000002,56.30173077528089,13.17061662788934,7.0730896415456055,96.38222222222223,19.3461573676843
167,82.21662037854937,11.088727144078806,7.440172400807758,122.52925555555555,20.791452765480614,1.6,80.72272913466556,10.542165922598448,7.0370607505607685,121.70707777777778,20.282817921545973
168,73.25866169585255,6.763440888464987,7.491987491498726,167.91938888888888,30.471703777951312,1.7000000000000002,70.30047507802033,6.362226766555617,7.241959205132006,165.89345555555556,27.0913916674979
169,69.49789944523015,9.65447494806272,7.399511563364911,138.79436666666666,24.957453656844557,1.7000000000000002,69.51882074728368,9.200523430767198,7.1655968418825395,137.78022222222222,25.60667571526183
170,122.71461426772372,7.650075538489243,7.076632422461934,160.57213333333334,15.99148602676706,1.7000000000000002,119.029348400006,7.327675837965637,6.873415278100356,159.41972222222222,17.268218127778887
171,85.14936957856607,16.785422170294897,6.247383145410052,142.49772222222222,14.303042057096768,1.6,85.98960255615059,17.605003862896936,6.060858451256527,142.02923333333334,13.992566680211258
172,61.751458135608424,17.752085226591237,7.429917538448445,122.37772222222222,19.896564714272962,1.7000000000000002,63.11228108270499,15.640981275321645,7.1434627741214065,121.86043333333333,21.659155818039892
173,79.12073047570995,26.733255777834504,6.97955704307225,146.1746777777778,15.07758523494582,1.7000000000000002,77.45623350360427,24.560427789812504,6.599742316904755,145.2566,15.248506108177589
174,63.49523725250718,9.304342787603616,7.077420378941234,87.24421111111111,22.38355111307113,1.6,69.00101493270375,7.074252551437374,6.397737668256821,86.85363333333333,20.561262667362815
175,27.849704143970367,13.717776958794119,6.730856107940145,34.87178888888889,13.868447702901543,1.6,27.22360460220351,13.171546824100934,6.40569882421787,32.120066666666666,14.974843763086795
176,41.699166890264515,29.691484689191814,7.361454449928248,101.1448,19.003867015693288,1.6,45.412449050813855,31.11191007033386,6.999321883180147,100.31556666666667,18.957663378600213
177,39.282562576713886,5.664374649372559,7.48540239728211,76.02566666666667,22.215637866753106,1.6,41.98645961407492,5.303710775873707,7.1495601574705585,74.87705555555556,25.489275662840512
178,96.6450662639985,24.378739973839398,7.3715667019642765,139.32008888888888,20.035647911498714,1.6,95.7564397182105,22.025895369817675,7.064268744083095,138.70744444444443,20.71805185059089
179,64.54468209859782,22.08460809341051,7.3731430701318015,118.85575555555556,18.90323977381229,1.7000000000000002,64.72275156047195,20.610798909345437,7.065178636436849,118.31232222222222,19.57219039519925
180,36.28203544337722,9.665180087514798,7.011482854574119,102.71566666666666,41.8805273031174,1.6,38.24640197607091,6.623533071826203,6.6001064902093205,97.21275555555556,15.781523257078128
181,107.67456936582622,14.106882763915273,7.192379468506542,134.1496111111111,24.1131256763996,1.6,105.46185117728457,10.412379902024812,6.498763608069966,133.5821777777778,19.939161261333517
182,21.265071015113268,10.12833897070136,7.494341994936382,52.7946,21.322135320741125,1.6,27.19282924283109,8.442255857942959,7.162961603812406,51.71487777777778,24.612158627268155
183,153.0977922247035,10.01278968197636,6.911115460838598,205.56957777777777,14.52526344671406,1.6,151.27891699854703,7.356921837499662,6.535086015669811,204.97487777777778,14.060943961224122
184,65.91280649338974,20.385486467652306,7.347119053429139,101.46283333333334,14.399623976696054,1.7000000000000002,65.38170606606468,18.038159976750208,7.001109030094156,100.38166666666666,15.754112375504324
185,105.55703277317099,15.37448794371861,7.303128693493667,151.57904444444443,17.657418073998908,1.6,103.7981962179936,13.30850639173009,6.9527271023913375,150.99116666666666,18.424567595986897
186,159.42808848000445,7.58422079991586,7.042530515352445,223.33453333333333,20.942324785465395,1.6,151.98363540544386,5.882954993059744,6.660605920814839,222.2322888888889,17.740102307077706
187,110.51478719121451,11.010984813241997,6.552768086644102,153.18127777777778,19.35527977238439,1.6,108.26547814101566,8.562629554138262,5.960652368663059,152.62158888888888,18.835933366841477
188,82.77371328010753,32.06198725519634,7.6741280488321095,132.5314888888889,32.38951007281115,1.7000000000000002,79.81273393136154,27.715937128215238,7.3708633265230405,131.44547777777777,27.308234443338478
189,61.05092286251237,5.969951987900043,7.3466532661053785,99.5239111111111,14.868720376605609,1.6,64.2120445082192,5.590006250557464,6.844104757975927,99.20154444444445,15.142417102582185
190,62.01904510165262,6.790290450301345,7.032078641518685,94.44935555555556,15.231310816998779,1.6,65.4021452059134,6.632062498105399,6.665582913523417,93.7384,15.620210907371785
191,33.76282825211721,8.690097967201657,6.22108775163669,90.88273333333333,40.30971526379492,1.6,35.07664169464488,11.530191959686489,5.920437579029527,79.18743333333333,15.675090937559409
192,113.33352011768199,5.745617040530959,7.070585756875858,157.09008888888889,25.22504188427363,1.6,115.89384260510877,4.19892146517435,6.46826985504294,156.6842888888889,22.381219500711783
193,52.61884611796288,9.757553301137362,6.768301902521882,119.10223333333333,21.19094839838126,1.6,48.594676521230014,13.202306363233484,6.194002298929287,108.34766666666667,18.821822747465525
194,100.5728447212655,11.90479301032177,7.341367875019641,148.22768888888888,19.07271225079637,1.6,95.78559555522844,10.038173002326646,6.876650306967198,147.19521111111112,19.230345864251056
195,109.77575758214186,11.686401859084398,7.4025318692033375,159.23618888888888,20.64180046305587,1.6,107.0860703820727,10.795636507239164,6.981991572656451,158.44108888888888,19.32600399733503
196,92.70125328736057,25.31768633623773,7.329217305120094,154.54896666666667,15.667744486549687,1.7000000000000002,91.57298202645417,25.04397215946672,7.0114258307537,153.60466666666667,15.494073886781665
197,81.40189897519525,6.901630207017943,6.7489773383143525,79.11197777777778,14.672160621269061,1.9000000000000004,83.9258056652439,5.413552759029264,6.384862727323104,78.77194444444444,15.22026072525855
198,103.79614549191065,10.039859968337502,6.907937842135679,147.24141111111112,15.95139670914028,1.9000000000000004,103.41897627016037,8.958751245940093,6.626778919025861,146.71864444444444,17.060614109540214
199,100.71920027737123,12.78154235484315,7.0120081884529215,193.0076,20.695277814247092,1.6,101.89914668570184,12.63756690053333,6.721535667431578,190.38477777777777,22.19031096481301
200,174.151583433116,2.7515046278585835,6.535326104322349,204.55116666666666,11.123562335794357,1.8000000000000003,174.47442364609213,2.237894424721144,6.003324578674601,204.12673333333333,11.267844212696797
201,91.88947182844085,31.057012727812307,6.613304515974521,159.76028888888888,14.270018144099328,1.7000000000000002,92.09831275528207,29.914290330924885,6.313987853810009,159.08093333333332,14.285309387519163
202,106.81444552461593,5.907754970023099,7.424140101680564,203.53747777777778,19.247496299597106,1.7000000000000002,107.563636709094,5.586648084573234,7.244911950453133,203.00547777777777,19.3921252127117
203,81.25883061731207,10.492376776221924,7.3048031782046365,147.47755555555557,15.570130034543867,1.7000000000000002,82.71351169417716,10.239394938743233,7.000182365188832,146.95548888888888,15.586142156866018
204,107.30193756087809,3.4114709569660278,6.022846930785109,120.90126666666667,20.54794959347159,1.6,103.99913018502205,4.558970463211301,5.429702926765213,120.37844444444444,15.794739994893956
205,100.69587559498365,20.624814916669294,7.414886506996552,145.4307777777778,20.633091319903354,1.7000000000000002,97.25533961373291,18.21292650226755,7.154875949170191,144.43762222222222,21.446179609613324
206,119.29503257911571,5.229673463845791,7.001806317715849,141.56275555555555,16.951834088332447,1.6,118.82579975611189,4.735818105676618,6.418984765052104,141.22203333333334,16.994150026775202
207,98.51320035989863,19.391469336320103,7.06383805377199,130.49612222222223,16.22106738490334,1.6,96.19127166970202,15.469320659188776,6.623766626289882,129.8096111111111,16.34417897175055
208,113.24588453740132,4.696198053477692,7.378358635742309,213.7238888888889,18.814937823191013,1.7000000000000002,112.36209520333098,4.863475711189828,7.089065732463675,212.96301111111111,18.933787334076175
209,89.16781121996311,19.0622902396781,7.497136880906218,159.347,22.989607731489485,1.7000000000000002,89.90267792427463,20.01977746215837,7.2302891780925105,158.7352888888889,21.796523253593815
210,38.75143256706138,7.048553910337395,7.5018853753937425,81.16982222222222,18.854613165240853,1.8000000000000003,39.23018381863178,7.463342590521049,7.221328861819406,80.51428888888888,19.118872178502944
211,130.9131470216649,9.675002328867736,7.210530379981448,177.75698888888888,21.33751606836906,1.6,131.37416568196036,8.50181994755997,6.756005335592034,177.3935888888889,21.884715151907756
212,74.54898750768692,8.914858597582827,7.443771115595085,128.68272222222222,26.97637300854423,1.6,76.03231873408926,7.589738913035488,7.023162939737132,128.06822222222223,25.51348583874792
213,95.90155942357787,8.946989781976542,7.157913083385505,126.45263333333334,24.79636452660933,1.6,90.65055920507828,7.658604964768438,6.5666143725306405,124.85172222222222,18.20507953821083
214,36.9352535448125,8.634380790730905,5.866881317383196,85.79373333333334,30.17767084629336,1.6,53.61596952634833,6.112208944124039,5.343915881091919,84.04787777777777,16.67519212629575
215,49.215158650257514,7.79833935499489,7.5243544225724,104.11167777777777,19.899248302460887,1.7000000000000002,50.66372579615205,7.681765273833388,7.273840128294065,103.36784444444444,20.350916823206017
216,91.89472902692137,15.9142382370056,7.097728005407211,133.2283111111111,14.266020684776453,1.7000000000000002,90.82405189281256,12.792373622595104,6.723667426177111,132.6139,14.715873370661603
217,175.6522509057619,3.5543427886519248,6.766924000079497,213.15387777777778,13.166282524829336,1.6,173.32124397659302,2.8107218646509287,6.291064158092949,212.68392222222224,13.39862433383191
218,54.947879647965244,18.209284547608597,7.3398871312988465,72.13525555555556,16.405070538413867,1.7000000000000002,54.717350222497096,16.920568643613315,7.062746788207896,71.6956111111111,16.63859229038782
219,69.69234718841834,9.626931680577037,7.448892824470626,117.34752222222222,23.129399642678308,1.7000000000000002,68.67695668676764,8.771419188547481,7.24103021298297,115.65214444444445,23.864582116340966
220,20.186560377441506,7.578876113208565,7.04408080499482,69.45812222222222,17.84676791828046,1.6,32.83549441835663,7.265447288013724,6.718341165577409,67.49414444444444,18.667702128067475
221,112.9603311358739,10.584986480406759,7.134202441006723,152.0945111111111,18.321599218333173,1.6,111.80242958130215,8.532264165942827,6.684822053121664,151.5639111111111,19.110626224064777
222,65.4763033425824,4.882521084471286,6.633601070482076,112.16017777777778,11.676729070578098,1.6,72.39782801152482,4.19942597837386,6.201550048759814,111.77486666666667,12.479707784249898
223,62.67628405055632,5.592418454292616,7.141417225522924,124.4324,14.475344718264655,1.8000000000000003,63.143811541644965,5.595871216501754,6.844144197824847,123.57443333333333,14.328600694382638
224,106.8110236488373,11.48716644339088,4.6736570672177935,103.40266666666666,18.016908961292067,1.6,88.85338262223888,14.154054748069349,4.305238593232108,101.59135555555555,11.713923316816597
225,87.40555985893884,23.931977769636873,7.22383706293161,139.75014444444443,19.058182577314643,1.7000000000000002,86.84539629745419,25.81696521130161,7.000121285397075,138.7981,19.066461343528957
226,120.49412780905993,7.794413611661211,6.494282167867307,139.1470111111111,14.883701391828641,1.8000000000000003,124.35489474382268,6.428349527766237,5.8787191201007865,138.76162222222223,14.572636984816572
227,51.56511936641276,14.396299914020991,6.139586618069629,104.16932222222222,14.70969269406506,1.6,48.98918943505794,8.17551026974017,5.811422997985254,100.87348888888889,15.741357315547901
228,79.44125016898492,26.046502951040637,7.343190286347746,156.12,19.428708130109268,1.7000000000000002,80.58797829456428,25.59007616586002,7.067518742185831,155.3330777777778,20.313608239678345
229,78.17806975776472,17.329098206915564,7.442952518545334,129.22392222222223,19.075265359888316,1.6,79.00360447335008,15.719180821245512,7.09349687821604,128.4900888888889,19.251985764859263
230,49.10485931575043,8.797165127759914,7.132835632366566,84.77863333333333,21.448627201511698,1.6,49.368359627537345,9.171419325570536,6.814536099533866,79.77277777777778,21.47382059135428
231,156.13408358146512,12.50924712144576,5.677850802423963,174.36423333333335,18.495321136989723,1.6,159.32457749158877,10.57115966553272,4.797126706226879,173.8218777777778,16.432782832769174
232,33.345969882078016,7.4279636024054945,7.238230251381959,92.53306666666667,20.83674450437549,1.6,44.61737262417588,7.9265172397450945,6.913827779858279,91.3144,21.409807951897154
233,103.43821804144163,8.212907310653758,7.306673503752583,140.54463333333334,18.83836817668189,1.6,101.37515318131793,7.49463817492808,6.898210781131699,139.86617777777778,19.252729847439372
234,59.356809184398806,10.108662955920517,7.04429592097836,106.81531111111111,18.412401277719887,1.6,63.23369559050073,8.881008915103282,6.663217971609062,105.46147777777777,18.590588616742842
235,43.552069159521366,14.576379594170662,5.984817775001673,69.6007,18.448919832212617,1.6,43.044321508905526,15.478007745842822,5.586965686221035,68.97216666666667,16.74376787785079
236,97.6893972838684,2.73070922441633,6.731197793488345,188.82566666666668,16.783421567799866,1.6,89.7257112558678,2.500887696002589,6.408077079479673,187.82585555555556,17.984064942878717
237,103.33959878241697,18.554292745885192,6.840910400855501,135.68025555555556,11.839375009276228,1.6,111.54064937485253,14.886245294893973,6.198954693744328,135.25611111111112,11.866461684896915
238,168.419288524844,7.67787106257468,6.696220362005336,198.13324444444444,12.37924994698784,1.8000000000000003,168.3812460414102,5.687014679200516,6.228418221918324,197.70597777777778,12.434176055778787
239,75.23666361617528,11.47805367372475,7.108222132001158,148.56953333333334,18.46225930411577,1.6,74.70429130243886,12.397607810016957,6.786071895041121,146.8478888888889,18.929200059006916
240,189.87893755056277,11.680190040315447,6.904775401037442,225.0369,13.975144951855283,1.6,187.09698609065805,8.862909504070906,6.464141534614071,224.57993333333334,13.729026775561637
241,96.23545676924005,9.546178036580661,7.398780392921569,145.23576666666668,22.362311162325824,1.6,96.40076576467023,8.796045739098505,6.929461510270066,144.9326111111111,21.365036014893487
242,44.32439317306671,5.24479309379357,7.460838960289263,94.41783333333333,19.067673995531152,1.6,49.651504040174515,4.456365091261199,7.081967100822301,93.66967777777778,20.7495970551276
243,104.184644821857,9.275254448444437,7.026694102859838,165.0673888888889,18.013301425668974,1.7000000000000002,104.02185084350485,10.344633238953271,6.690411765371451,164.17083333333332,16.715704512234552
244,60.38083587393394,12.990741906226969,7.374622182181831,131.70242222222222,24.852305557289363,1.6,63.04648182931279,12.469595537171866,7.0792752864865935,129.5968,23.544608630950393
245,64.44754753228983,30.005150004948927,7.189498632781177,119.86015555555555,19.446060539204936,1.6,65.38413622484018,29.845219320704633,6.7864359202754665,119.40515555555555,19.33276217270368
246,51.389633488345225,17.987030717187487,7.418702498141177,99.26162222222223,18.90881693076794,1.7000000000000002,51.344907732990926,17.27836309828996,7.161692465081733,98.5213,19.73454899065282
247,52.35367574842538,6.929819882040496,7.464464620090179,102.8103111111111,20.51751959554048,1.7000000000000002,52.09081844762922,6.424770637257222,7.210248078194359,101.75965555555555,23.743901550459547
248,34.81578953170525,15.80431742366262,7.187918892006059,59.00031111111111,19.076399141598856,1.6,38.830235976097136,12.789724928297684,6.760451634891778,58.40477777777778,21.88882774802963
249,41.636916895141944,35.417756801729105,6.921173040983314,71.40664444444444,17.734525021330654,1.6,48.398294385624155,23.01042134658412,6.557992725323155,70.8786,20.294701776039503
250,29.550521820441062,9.779720349840778,7.350978306402917,63.46084444444445,23.65294739382678,1.6,33.830409130481335,9.292707451939943,7.039209141205547,62.04716666666667,23.642306335520992
251,69.73564438318944,7.793168094699924,7.048165761783633,119.96407777777777,19.178331847078557,1.6,69.14500244895909,8.259275226896115,6.709171836884404,117.64266666666667,17.409698365735785
252,115.05236600870697,16.784491974083302,6.67866019857811,140.42946666666666,14.44741057246908,1.6,110.82201635688904,15.256179598433794,5.997661782818997,139.75802222222222,13.858795322795189
253,47.72615009297071,12.399547032627567,6.226257389160373,71.4448,16.959577404377026,1.6,61.55565559211472,9.747652229597003,5.636408280618037,71.23886666666667,18.255328679916982
254,48.68119167392374,26.764393701866684,7.386754235553707,106.54306666666666,18.384299807713248,1.8000000000000003,50.019948251742306,25.27782979347653,7.082853124291376,105.63007777777777,18.577191247790022
255,147.09295705456765,8.480788053555445,6.8687245930694285,213.09591111111112,12.203465007609307,1.6,146.13563556493818,7.642413244271704,6.516481934930583,212.56766666666667,12.168060975594397
256,83.81788844951613,6.817628759299728,7.139721194797146,155.65264444444443,19.922666511182907,1.7000000000000002,84.46238563677265,7.183022444043974,6.8958414096426415,155.06338888888888,19.526201611323962
257,105.82688297915819,11.388928263824026,7.4126536856447345,173.55782222222223,21.079955430666693,1.7000000000000002,103.73274399052755,10.926463086286791,7.134531481847041,172.41885555555555,21.119163830290173
258,97.97066838634012,36.88133382746664,7.311505222333153,149.1613111111111,17.853430938630936,1.6,98.69984794262082,36.68824716639213,6.918026696792912,148.65693333333334,17.95766806451896
259,91.25129257084487,7.914330092769459,7.2117219327128215,175.51757777777777,19.654817449067604,1.7000000000000002,95.12647347566873,8.370551919462773,6.957659159010483,174.93826666666666,20.45770133901059
260,101.50657198711806,7.177362436586986,7.6615268583964955,157.07693333333333,40.77859504438091,1.6,99.76127646493308,6.0349868925242225,7.254890520728515,156.1229111111111,23.706769237775035
261,92.2391508656425,9.769030976426185,6.729501009264072,144.0075111111111,17.09014732559877,1.7000000000000002,91.53652321568993,8.251124185516549,6.469627166023898,143.22186666666667,16.663382753159496
262,111.84115070709686,22.828954255135802,7.052136039917957,155.89124444444445,15.306350996342841,1.6,109.41999372584903,19.234613029385315,6.6206063228101435,155.38856666666666,15.737817875071642
263,85.80430362585727,25.599157403451176,7.2062253533572695,127.6109,14.170173880161212,1.8000000000000003,80.46848288135772,22.152165564032234,6.9316233176583015,125.52264444444444,15.027613472139631
264,112.41898277404552,16.992319880205955,5.752141361461072,132.05172222222222,12.5997819105655,1.6,122.17461727029678,13.082484478350144,4.986387424479929,131.70365555555554,12.768073699326802
265,114.1463600823611,11.12487866803111,7.160063966791417,157.3302,18.393653815697714,1.6,114.2620603057633,8.932217004853426,6.678929999961216,156.77164444444443,18.828070509335003
266,132.55720933544043,8.628736549311402,7.399606813606855,215.07186666666666,19.45660213883946,1.6,131.66417843738742,7.284508427332664,6.93245455766395,214.7270888888889,19.736973696049805
267,26.94096378754933,4.763928950511748,6.773933212573495,111.77517777777778,22.30091473112357,1.6,36.60582113122242,6.415247950616494,6.468723995152104,109.83642222222223,17.420413808457504
268,65.19890019814953,8.56903056535703,7.0385289644486235,136.96463333333332,26.320362864337383,1.6,70.68952967800504,9.626726722089737,6.787698465878133,136.59001111111112,24.793715211090742
269,160.48797374737853,12.982023287497958,5.918479675153377,174.55197777777778,13.836309787580788,1.6,162.32705394936943,10.378656347845144,5.014808537354213,174.11766666666668,13.106323228191247
270,65.45644576310539,17.607037681732457,7.076372663049819,113.83395555555556,16.114685136667802,1.7000000000000002,64.61724756422244,18.382931684464534,6.839302971444755,113.12211111111111,15.813241644050338
271,175.19165054109152,8.874812862371817,6.774424657438463,221.40481111111112,15.524911923853853,1.6,171.9348523708841,6.567484808568273,6.348821305891508,220.91227777777777,14.786644334091648
272,55.16395470128134,18.77969978380323,7.578286341993314,115.33515555555556,19.79794312063791,1.7000000000000002,56.452690371131155,17.472316891426125,7.316799489068877,114.5299888888889,20.47667961152694
273,61.11286314665711,34.10647969809329,7.424525308359264,84.23727777777778,21.072555012499112,1.7000000000000002,60.71200144580208,32.274497674451936,7.181229840595977,83.46263333333333,22.345253866487504
274,145.24905952529562,17.833043829074914,7.031682408946027,191.92255555555556,14.53150236806499,2.0000000000000004,144.54695970984105,15.819973098884878,6.650378803696778,191.4682,14.64437123776902
275,143.91437613213913,17.862999300295748,7.036137898226148,190.9426,17.22425627858459,1.6,142.8988624350662,14.789741379450428,6.617989943942832,190.43365555555556,17.598428447085208
276,49.647842424935014,5.157669970653395,7.1390962597584435,118.93445555555556,15.742877671801022,1.6,50.70260833912894,4.511593520569927,6.708509477185155,115.89435555555555,17.796667152069418
277,26.795518864912452,6.544592522140561,7.082343885025337,46.77894444444444,19.944288907518054,1.6,38.785455975087125,3.8060948752068144,6.364431725274344,46.3566,18.52986925039923
278,75.19571543949559,8.713226744191637,7.0555842077299955,120.93926666666667,24.616450069338033,1.6,73.43927139534553,9.133785794094676,6.785876545753498,119.7335,21.723852707423333
279,33.65871287325294,7.459464145299825,7.322192666417894,81.5502,17.575794568661152,1.7000000000000002,33.72860225216341,6.660551727840162,7.069212874266997,80.24823333333333,19.819214134645694
280,79.66449627846015,14.9696161011128,7.129727325484222,123.64333333333333,16.926956631585092,1.6,79.7903678715797,14.062469836321016,6.713404757205775,123.22193333333334,17.256898472940872
281,98.47454667741377,12.997805091020092,7.1583886503537295,177.47444444444446,21.146213326343613,1.7000000000000002,94.10407891097856,11.3750856829125,6.96922364273026,176.4814,23.040966593531458
282,76.49782462366296,5.7558649648959825,7.515698871674833,118.53196666666666,24.990126945047997,1.8000000000000003,78.89050489929022,4.9384589854668235,7.138647200117584,118.1674,25.22873855704571
283,34.54426934537196,5.334943296130799,7.293634092272547,96.44377777777778,17.481817488998985,1.7000000000000002,40.61901372370489,6.138412098423526,7.059413472157227,95.7288,19.50916708947033
284,51.682297831437204,6.172387909202947,7.446444504647109,107.55063333333334,20.43045004048984,1.6,53.98131309226057,5.904948615350831,7.130284306386516,106.66887777777778,21.04831339624639
285,103.54304014025769,57.221650597725436,7.446870450376212,145.54935555555556,21.562357757364722,1.6,102.49197761418714,51.405464773413165,7.1425504677575455,145.07557777777777,21.96051704887413
286,82.72082911559272,7.487748416547288,7.32916438352795,126.02238888888888,17.779326105415848,1.6,81.31321339770942,7.104570641520356,6.8010767089919915,124.67971111111112,17.440944477887545
287,85.37965313109896,20.19541111973737,7.21394030826143,115.07065555555556,18.428876815553124,1.6,85.63158228816226,17.145061251357248,6.818096609497158,114.64766666666667,19.49039290200911
288,37.4869092815545,13.866907907361416,7.099715750228841,65.16122222222222,15.947507679004442,1.6,43.17172054819629,10.452173380636067,6.6897606067812125,64.81615555555555,16.87780998363493
289,88.41520205351378,20.93849599846389,7.520118418100353,182.28234444444445,18.73068767326211,1.7000000000000002,88.22434579334725,20.145669271473295,7.258786640649493,181.58847777777777,19.204624394227398
290,78.11477319813156,8.612371402402333,6.488903272551977,97.58352222222223,22.155048133098493,1.6,80.40354881142446,9.517373486096206,5.689545157986653,96.94315555555555,18.151157618173063
291,45.35441547178803,7.70062145466503,6.931546413421506,70.95581111111112,20.87408796734531,1.6,49.83424426336953,6.4359645238713235,6.288003990702557,69.7118888888889,18.36382034637333
292,69.52642571140689,26.27761729452812,7.42641524514225,111.94835555555555,22.133142520529393,1.7000000000000002,67.87615113601792,24.34187897820029,7.135944573783869,110.82274444444444,24.079253927761478
293,112.8770916733913,9.903483744095281,7.01580657962076,161.1917777777778,17.33950077710364,1.6,112.5775965267061,8.44358020509167,6.565089063396837,160.78844444444445,17.330619617144297
294,43.30671107237967,13.377246315163159,6.003012605317779,97.23626666666667,17.67798102177192,1.6,32.39081166859727,8.31303741471877,5.414000950292494,86.2728,16.637900295291338
295,96.89880134693011,31.125043179558574,6.623096659125668,190.21574444444445,19.491451147661557,1.6,89.72239080625691,27.27276958055922,6.098434585204382,185.96933333333334,20.2836251837181
296,49.3501446409312,32.94545293168619,7.553532678880122,99.76107777777777,22.531487893191017,1.7000000000000002,50.015207950726804,29.318381412117574,7.27355823859816,98.31258888888888,24.99513291553641
297,53.42274518886732,4.4321326916472925,7.22529836993343,108.71182222222222,17.16325142554924,1.8000000000000003,53.243802276546724,4.48583181532001,6.954048012974539,108.08754444444445,16.746207718201077
298,114.37855180327387,5.304861696610086,6.998142574080671,186.53746666666666,12.645629092365173,1.7000000000000002,111.86828576186434,4.85914005088155,6.590711463845672,185.97163333333333,13.044639542479576
299,71.65797533738507,7.164781138674232,7.539162942002342,164.91028888888889,15.919936729645393,1.8000000000000003,73.20975538588867,8.020057140141521,7.383430879108499,164.13814444444444,15.971010629311266
